timestamp_ms,accelX,accelY,accelZ,gyroX,gyroY,gyroZ,imuTemp,baroTemp,pressureHPa,humidity,altitudeM
679,0.47165772318840027,-0.38067805767059326,10.357316970825195,-0.002797855995595455,0.051160797476768494,-0.01945176161825657,42.93000030517578,25.200000762939453,1018.729248046875,71.876953125,-45.51872634887695
787,0.4118026793003082,-0.38067805767059326,10.357316970825195,-0.004796324297785759,0.051027562469244,-0.01532159186899662,42.97705841064453,25.15999984741211,1018.6984252929688,71.857421875,-45.263397216796875
895,0.47405192255973816,-0.363918662071228,10.38844108581543,-0.007061255630105734,0.04756355285644531,-0.015454824082553387,42.93000030517578,25.15999984741211,1018.6950073242188,71.857421875,-45.2353630065918
1003,-0.3232172429561615,-0.22266076505184174,10.409989356994629,-0.019185297191143036,0.053292494267225266,-0.11018224060535431,42.788822174072266,25.170000076293945,1018.6898193359375,71.859375,-45.19230651855469
1111,-1.173158884048462,-2.2697031497955322,14.408306121826172,1.4007933139801025,-1.4001270532608032,-0.654964804649353,42.788822174072266,25.18000030517578,1018.69287109375,71.8720703125,-45.21733856201172
1219,3.7277719974517822,2.4444799423217773,12.239158630371094,3.3996615409851074,-2.512075185775757,-0.6412419676780701,42.97705841064453,25.18000030517578,1018.6873168945312,71.8623046875,-45.11520767211914
1327,4.6734819412231445,5.497087001800537,5.784391403198242,3.3377091884613037,-4.365721225738525,-0.20077946782112122,42.741764068603516,25.190000534057617,1018.6863403320312,71.83984375,-45.16326904296875
1435,5.985504150390625,5.286397457122803,0.768538773059845,2.5994746685028076,-1.1929525136947632,-0.7018621563911438,42.788822174072266,25.200000762939453,1018.681884765625,71.86328125,-45.126220703125
1543,5.975927352905273,6.746860504150391,-0.1628057211637497,1.562935709953308,0.3505313992500305,-0.49801838397979736,42.93000030517578,25.209999084472656,1018.6807861328125,72.212890625,-45.117210388183594
1651,4.261679172515869,5.188235282897949,-1.4293384552001953,1.8964134454727173,1.3317794799804688,-0.37011638283729553,42.97705841064453,25.209999084472656,1018.6748657226562,71.865234375,-45.068145751953125
1769,5.295974254608154,6.868964672088623,-2.293645143508911,0.27072587609291077,1.9016095399856567,-0.45365238189697266,42.741764068603516,25.209999084472656,1018.6696166992188,71.865234375,-45.025089263916016
1878,4.034229755401611,7.733271598815918,-0.2992752194404602,-1.1716355085372925,2.8440871238708496,-2.1189095973968506,42.788822174072266,25.219999313354492,1018.665283203125,71.8447265625,-44.98904037475586
1986,1.8315643072128296,9.296685218811035,2.1523873805999756,0.12057426571846008,1.6970995664596558,-1.2124043703079224,43.11823654174805,25.219999313354492,1018.6600952148438,72.2607421875,-44.94598388671875
2094,4.084507942199707,10.587160110473633,3.2848446369171143,-1.1224732398986816,1.3857381343841553,1.4542189836502075,42.788822174072266,25.219999313354492,1018.655029296875,71.8349609375,-44.903926849365234
2202,4.922478675842285,9.528923034667969,3.555389642715454,-1.4731378555297852,0.7582190036773682,1.1673721075057983,42.97705841064453,25.219999313354492,1018.65234375,71.845703125,-44.881900787353516
2310,4.067748546600342,9.742006301879883,5.542576789855957,-0.5298606157302856,0.2656630873680115,-0.3555941879749298,42.83588409423828,25.229999542236328,1018.6548461914062,71.845703125,-44.90192413330078
2418,3.7158010005950928,8.2312650680542,4.484339714050293,0.03903675079345703,0.15188361704349518,-0.09113016724586487,42.788822174072266,25.229999542236328,1018.6497802734375,71.8564453125,-44.85987091064453
2526,2.9161376953125,8.252813339233398,4.431667327880859,-0.09019754827022552,0.3767779469490051,-0.1879892796278,42.93000030517578,25.229999542236328,1018.6521606445312,71.8466796875,-44.87989807128906
2634,2.6815059185028076,8.456320762634277,5.161899089813232,-0.22103063762187958,0.23182235658168793,-0.058888208121061325,42.83588409423828,25.229999542236328,1018.6581420898438,71.8583984375,-44.929962158203125
2742,2.846705913543701,8.274360656738281,5.341464042663574,-0.04463246464729309,0.13389739394187927,0.0009326186846010387,42.93000030517578,25.229999542236328,1018.6564331054688,71.8583984375,-44.90092468261719
2860,2.6647465229034424,8.006210327148438,5.0685248374938965,0.060220520943403244,0.19958040118217468,0.12137366086244583,42.83588409423828,25.229999542236328,1018.6529541015625,71.8583984375,-44.886905670166016
2969,2.7485435009002686,8.267178535461426,5.197812080383301,0.06808116286993027,-0.019851453602313995,0.009725880809128284,42.93000030517578,25.229999542236328,1018.6529541015625,71.8701171875,-44.886905670166016
3077,3.248931646347046,8.169015884399414,4.738125324249268,0.050361406058073044,-0.03543950989842415,0.015854516997933388,42.93000030517578,25.229999542236328,1018.6537475585938,71.8466796875,-44.892913818359375
3185,2.8610711097717285,8.271966934204102,5.0876784324646,-0.08353599160909653,-0.03916998580098152,-0.049162328243255615,42.788822174072266,25.229999542236328,1018.652099609375,71.533203125,-44.87989807128906
3293,3.2632968425750732,8.101978302001953,5.123591423034668,-0.21476876735687256,-0.010924961417913437,-0.21143798530101776,42.741764068603516,25.229999542236328,1018.650390625,71.8701171875,-44.86487579345703
3401,3.0406360626220703,7.999027729034424,5.272032260894775,0.01598774828016758,0.024647777900099754,-0.0045298621989786625,42.741764068603516,25.229999542236328,1018.6487426757812,71.8583984375,-44.85186004638672
3509,3.134010076522827,8.271966934204102,4.458003520965576,-0.49468758702278137,-0.26779478788375854,-0.19065390527248383,42.788822174072266,25.229999542236328,1018.6487426757812,71.65625,-44.85186004638672
3617,2.935291290283203,8.032546997070312,5.868188381195068,-0.19984684884548187,-0.26139968633651733,-0.1480199098587036,42.788822174072266,25.229999542236328,1018.6487426757812,71.8583984375,-44.85186004638672
3725,3.090914487838745,8.08043098449707,5.499481201171875,-0.10578560084104538,-0.07660795748233795,-0.16214241087436676,42.788822174072266,25.229999542236328,1018.6453247070312,71.8583984375,-44.822818756103516
3833,3.485957622528076,8.027758598327637,5.2049946784973145,0.12323889136314392,0.05862174555659294,0.14109188318252563,42.788822174072266,25.229999542236328,1018.6436157226562,71.880859375,-44.80880355834961
3951,3.471592426300049,7.824251174926758,5.173870086669922,-0.09526033699512482,0.11511179059743881,0.09699234366416931,42.83588409423828,25.229999542236328,1018.6419677734375,71.8583984375,-44.79578399658203
4060,3.5434184074401855,7.572859764099121,5.578489780426025,-0.12936753034591675,0.1336309313774109,0.017053598538041115,42.93000030517578,25.229999542236328,1018.6419677734375,71.8701171875,-44.79578399658203
4168,3.6152446269989014,7.417236804962158,5.770026206970215,0.012390505522489548,0.1251041293144226,-0.025447167456150055,42.83588409423828,25.229999542236328,1018.6386108398438,71.8583984375,-44.76774597167969
4276,3.313575267791748,7.785943984985352,5.7341132164001465,0.05835527926683426,0.167871356010437,-0.0791393592953682,42.741764068603516,25.229999542236328,1018.6351318359375,71.8583984375,-44.73870849609375
4384,3.3949780464172363,7.671022415161133,5.817910194396973,0.0889984667301178,-0.011058192700147629,0.07993873953819275,42.788822174072266,25.229999542236328,1018.6317138671875,71.8466796875,-44.710670471191406
4492,3.469198226928711,7.802703380584717,5.628767967224121,-0.04343338683247566,-0.11657733470201492,0.022649310529232025,42.93000030517578,25.229999542236328,1018.6300048828125,71.880859375,-44.696651458740234
4600,3.5960910320281982,7.723694801330566,5.542576789855957,-0.02371516078710556,-0.09925726801156998,0.029843797907233238,42.788822174072266,25.229999542236328,1018.6283569335938,71.8583984375,-44.68263244628906
4708,3.663128614425659,7.568071365356445,5.552153587341309,-0.04223430156707764,0.039303213357925415,0.006528330501168966,42.83588409423828,25.229999542236328,1018.6207885742188,71.6005859375,-44.61954879760742
4816,3.6535518169403076,7.479485988616943,5.621585369110107,0.03144257143139839,0.052759572863578796,0.028911178931593895,42.93000030517578,25.229999542236328,1018.623291015625,71.8701171875,-44.64057540893555
4924,3.8307228088378906,7.793126583099365,5.612008571624756,-0.0937947928905487,-0.026779478415846825,-0.023848390206694603,42.741764068603516,25.229999542236328,1018.6157836914062,71.8701171875,-44.5784912109375
5042,3.7684733867645264,7.623138427734375,5.233725070953369,-0.34053903818130493,0.5254639983177185,-0.5822205543518066,42.93000030517578,25.229999542236328,1018.6157836914062,71.892578125,-44.5784912109375
5151,2.3965959548950195,8.339004516601562,6.09324312210083,-0.5040137767791748,0.6316492557525635,-0.4071546792984009,42.93000030517578,25.229999542236328,1018.6157836914062,71.74609375,-44.5784912109375
5259,0.9744400978088379,7.168240070343018,6.919242858886719,-0.1597442626953125,0.1432235836982727,0.08686677366495132,42.93000030517578,25.229999542236328,1018.617431640625,71.8583984375,-44.59151077270508
5367,2.3798365592956543,6.2847795486450195,7.599195957183838,0.11138132214546204,0.7030612826347351,-0.05848851427435875,42.93000030517578,25.229999542236328,1018.6157836914062,71.8466796875,-44.5784912109375
5475,1.6304513216018677,7.316680431365967,7.888894557952881,-0.0939280241727829,0.07021286338567734,-0.2057090401649475,42.647647857666016,25.229999542236328,1018.6157836914062,71.8583984375,-44.5784912109375
5583,1.1803414821624756,6.715735912322998,7.343016624450684,0.4974854588508606,-1.9126676321029663,0.42260950803756714,42.97705841064453,25.229999542236328,1018.6157836914062,71.8701171875,-44.5784912109375
5691,2.2146365642547607,6.124367713928223,4.819528102874756,1.343503713607788,-2.49835205078125,-0.39489737153053284,42.93000030517578,25.229999542236328,1018.6123657226562,71.8583984375,-44.550453186035156
5799,2.8778305053710938,6.775590896606445,4.606443881988525,0.5306600332260132,-0.23182235658168793,-0.48642727732658386,42.788822174072266,25.229999542236328,1018.610595703125,71.880859375,-44.53543472290039
5907,6.72531270980835,11.678915977478027,3.60566782951355,2.456650733947754,-0.6283185482025146,-0.8810581564903259,43.02411651611328,25.229999542236328,1018.6123657226562,71.8583984375,-44.550453186035156
6015,5.169081687927246,10.469843864440918,-0.8092401623725891,0.8797258734703064,-0.630050539970398,-1.4911240339279175,42.788822174072266,25.229999542236328,1018.610595703125,71.8701171875,-44.53543472290039
6133,0.9744400978088379,8.034940719604492,-0.1867477297782898,-0.1648070365190506,-0.5522434711456299,-1.8364593982696533,42.93000030517578,25.229999542236328,1018.610595703125,71.8701171875,-44.53543472290039
6242,0.06224924325942993,7.082048416137695,0.10055647045373917,-0.3177565038204193,-0.2853813171386719,-0.822969377040863,42.788822174072266,25.229999542236328,1018.6072387695312,71.8583984375,-44.50739669799805
6350,-1.113303780555725,9.033323287963867,0.8523358106613159,-0.12710259854793549,0.01958499290049076,-0.2948407232761383,42.93000030517578,25.229999542236328,1018.6113891601562,71.92578125,-44.54144287109375
6458,-1.139639973640442,8.829815864562988,0.871489405632019,0.5170704126358032,0.04156814515590668,0.7917932868003845,42.93000030517578,25.229999542236328,1018.6096801757812,71.8701171875,-44.52742385864258
6566,-0.19871874153614044,9.11233139038086,-0.8619126081466675,0.1414915770292282,0.4711056649684906,0.06181929633021355,42.93000030517578,25.229999542236328,1018.6096801757812,71.8583984375,-44.52742385864258
6674,0.3878606855869293,9.437943458557129,-1.3048399686813354,-0.4813644587993622,-0.017053598538041115,0.18892189860343933,42.93000030517578,25.229999542236328,1018.6080322265625,71.7578125,-44.514404296875
6782,-0.33518823981285095,9.701305389404297,0.08379705995321274,-0.8145757913589478,0.08313629031181335,-0.4512541890144348,42.647647857666016,25.229999542236328,1018.6063232421875,71.892578125,-44.50038528442383
6890,-1.3072341680526733,9.801861763000488,0.5626373887062073,-0.6878728866577148,-0.07274425029754639,0.2566033899784088,42.741764068603516,25.229999542236328,1018.6046752929688,71.880859375,-44.486366271972656
6998,-0.8236053586006165,9.557653427124023,0.7996633648872375,-0.25913476943969727,0.21543492376804352,0.5150719881057739,42.647647857666016,25.229999542236328,1018.6046752929688,71.880859375,-44.486366271972656
7106,0.17477671802043915,9.167398452758789,1.4460978507995605,-0.2681944966316223,0.08326952159404755,0.5851516127586365,42.600589752197266,25.229999542236328,1018.6046752929688,71.8701171875,-44.486366271972656
7224,0.9600749015808105,9.107542991638184,2.3582887649536133,-0.34040582180023193,-0.18519142270088196,0.25313934683799744,42.788822174072266,25.239999771118164,1018.6087646484375,71.880859375,-44.52041244506836
7333,1.556231141090393,10.065223693847656,1.9536685943603516,-0.4236753284931183,0.1794624775648117,0.5798223614692688,42.741764068603516,25.229999542236328,1018.6046752929688,71.8701171875,-44.486366271972656
7441,1.2401964664459229,9.02135181427002,2.255337953567505,-0.12723582983016968,-0.03837059438228607,0.02171669341623783,42.83588409423828,25.239999771118164,1018.6121826171875,71.892578125,-44.5484504699707
7571,1.3886369466781616,9.093177795410156,2.250549554824829,0.5182695388793945,0.07820674031972885,-0.04649770259857178,42.93000030517578,25.239999771118164,1018.6138916015625,71.8701171875,-44.562469482421875
7681,1.2473790645599365,9.509769439697266,1.9297266006469727,-1.0354732275009155,-0.09366156160831451,-1.105686068534851,42.83588409423828,25.239999771118164,1018.6156005859375,71.880859375,-44.57648849487305
7789,1.1300631761550903,10.08437728881836,2.5953147411346436,0.5323920249938965,0.2748560607433319,-0.06328483670949936,42.741764068603516,25.239999771118164,1018.6156005859375,71.8583984375,-44.57648849487305
7897,-0.33997663855552673,9.296685218811035,2.9017724990844727,-0.7035941481590271,-0.8540122509002686,0.2372848391532898,42.83588409423828,25.239999771118164,1018.6172485351562,71.8701171875,-44.59050750732422
8005,-0.37828385829925537,8.389283180236816,3.138798475265503,2.284249782562256,1.2862143516540527,0.41235068440437317,42.97705841064453,25.239999771118164,1018.6172485351562,71.8701171875,-44.59050750732422
8113,3.2585084438323975,8.449137687683105,-1.1635819673538208,0.2952404320240021,0.5676982998847961,2.0115251541137695,42.741764068603516,25.239999771118164,1018.6156005859375,71.7685546875,-44.61153793334961
8221,5.439626216888428,10.87446403503418,-1.6424223184585571,-1.3517640829086304,0.3050995469093323,-0.8147090673446655,42.741764068603516,25.239999771118164,1018.6197509765625,71.8701171875,-44.61153793334961
8340,2.6862943172454834,8.734047889709473,4.5154643058776855,-1.6122312545776367,0.6706860661506653,-0.9250245094299316,42.93000030517578,25.239999771118164,1018.6213989257812,71.880859375,-44.62455368041992
8448,0.5171475410461426,10.83855152130127,2.1140801906585693,0.08926492929458618,0.31069526076316833,-0.9067717790603638,42.83588409423828,25.239999771118164,1018.6248168945312,71.880859375,-44.653594970703125
8556,0.4357447028160095,9.952696800231934,2.8203697204589844,-0.08620061725378036,0.3341439664363861,-0.15188361704349518,42.741764068603516,25.239999771118164,1018.6265869140625,72.4306640625,-44.6676139831543
8664,0.3663128614425659,9.679757118225098,2.494758129119873,0.35186371207237244,-0.2387503832578659,0.01039203628897667,42.93000030517578,25.239999771118164,1018.6282958984375,71.892578125,-44.68163299560547
8772,1.2449848651885986,10.014945983886719,2.0470423698425293,1.1740336418151855,-0.7895283102989197,0.8205711841583252,42.788822174072266,25.239999771118164,1018.63330078125,71.892578125,-44.72368621826172
8880,2.4827871322631836,10.441113471984863,-1.1180921792984009,1.5645344257354736,-0.6597610712051392,0.751823902130127,42.93000030517578,25.239999771118164,1018.635009765625,71.892578125,-44.73770523071289
8988,1.3215993642807007,9.75637149810791,-1.3503297567367554,0.23581929504871368,-0.16680550575256348,-0.0543583482503891,42.741764068603516,25.239999771118164,1018.635009765625,71.9033203125,-44.73770523071289
9096,1.2425906658172607,8.765172004699707,-1.278503656387329,-0.790727436542511,0.002797855995595455,-0.7322388887405396,42.788822174072266,25.239999771118164,1018.635009765625,71.892578125,-44.73770523071289
9204,0.6943184733390808,9.478644371032715,1.0223240852355957,-1.3886692523956299,0.13789433240890503,-0.7262434959411621,42.788822174072266,25.239999771118164,1018.63671875,71.8701171875,-44.75172424316406
9312,0.2968810200691223,9.9000244140625,0.9193734526634216,-0.28258347511291504,-0.30376723408699036,-0.2901776432991028,42.93000030517578,25.239999771118164,1018.63671875,71.880859375,-44.75172424316406
9430,0.11013327538967133,9.921571731567383,2.2194249629974365,0.09925726801156998,-0.2093062847852707,0.09312863647937775,42.93000030517578,25.239999771118164,1018.6400756835938,71.9033203125,-44.779762268066406
9539,-0.7589619159698486,9.277531623840332,2.0015525817871094,0.06208575889468193,0.10498622059822083,0.1432235836982727,42.788822174072266,25.239999771118164,1018.6451416015625,71.8701171875,-44.82181930541992
9647,0.24420857429504395,9.708487510681152,1.2856862545013428,0.17746400833129883,0.29044410586357117,0.24021592736244202,42.93000030517578,25.239999771118164,1018.6478271484375,71.9033203125,-44.843849182128906
9755,0.5123591423034668,10.773907661437988,0.5363011956214905,0.2655298709869385,0.20824041962623596,0.3031010925769806,42.93000030517578,25.239999771118164,1018.6495361328125,71.8466796875,-44.85786819458008
9863,0.7637503147125244,8.87051773071289,0.7398083209991455,0.34706738591194153,0.0030643183272331953,-0.1549479365348816,42.788822174072266,25.239999771118164,1018.6511840820312,71.892578125,-44.87188720703125
9971,-0.304063618183136,9.612719535827637,1.965639591217041,0.1664058268070221,0.22023123502731323,-0.05089433491230011,42.83588409423828,25.239999771118164,1018.65283203125,71.892578125,-44.88590621948242
10079,0.9648633003234863,10.620678901672363,-0.4165911078453064,0.8749295473098755,-0.08433537930250168,0.49801838397979736,42.741764068603516,25.239999771118164,1018.65625,71.578125,-44.9139404296875
10187,1.3527239561080933,8.983044624328613,-1.7381904125213623,0.2899111807346344,-0.29404133558273315,0.07447626441717148,42.93000030517578,25.239999771118164,1018.65966796875,71.9033203125,-44.941978454589844
10295,1.5322890281677246,9.976638793945312,-0.11971008777618408,-0.3292143642902374,0.0691470131278038,0.0018652373692020774,42.83588409423828,25.239999771118164,1018.6629638671875,71.892578125,-44.96901321411133
10403,-0.7996633648872375,10.90558910369873,0.36152446269989014,-0.18252679705619812,-0.14921899139881134,0.19385145604610443,42.93000030517578,25.239999771118164,1018.6629638671875,71.9033203125,-44.96901321411133
10521,0.011971008032560349,10.433931350708008,1.1013327836990356,0.4396630823612213,-0.2568698227405548,0.1021883636713028,42.83588409423828,25.239999771118164,1018.6663818359375,71.9150390625,-44.998050689697266
10630,-0.12689268589019775,9.720458984375,-1.2713210582733154,-0.6585620641708374,0.20864012837409973,0.29577335715293884,42.788822174072266,25.239999771118164,1018.6698608398438,71.9150390625,-45.02709197998047
10738,1.072602391242981,9.66299819946289,-0.19393034279346466,0.8332281708717346,0.3049663007259369,-0.2885788679122925,42.93000030517578,25.239999771118164,1018.6681518554688,71.92578125,-45.01206970214844
10846,1.3910311460494995,9.040505409240723,0.3687070608139038,-0.30723124742507935,-0.06714854389429092,0.049162328243255615,43.02411651611328,25.239999771118164,1018.6663818359375,71.9375,-44.998050689697266
10954,2.123656988143921,10.553641319274902,-1.8818424940109253,-1.1944180727005005,0.45858192443847656,0.1071179136633873,42.788822174072266,25.239999771118164,1018.6646728515625,71.9375,-44.98403549194336
11062,0.9792284965515137,9.423578262329102,0.021547814831137657,-0.7113215923309326,0.593411922454834,-0.023981623351573944,42.788822174072266,25.239999771118164,1018.6646728515625,71.9150390625,-44.98403549194336
11170,0.33518823981285095,8.221688270568848,0.6751648783683777,0.1730673909187317,-0.12323889136314392,-0.6516339778900146,42.93000030517578,25.239999771118164,1018.6613159179688,71.92578125,-44.955997467041016
11278,-0.3423708379268646,9.373299598693848,0.5147533416748047,0.2550045847892761,0.031709033995866776,0.35652679204940796,42.83588409423828,25.239999771118164,1018.65966796875,72.0380859375,-44.941978454589844
11386,-0.038307227194309235,9.169792175292969,0.3256114423274994,0.3626554310321808,-0.029444104060530663,0.37771058082580566,42.93000030517578,25.239999771118164,1018.657958984375,71.9375,-44.92795944213867
11494,0.8140285611152649,8.458714485168457,0.4405331015586853,-0.049695249646902084,0.04170137643814087,0.5811547040939331,42.93000030517578,25.229999542236328,1018.6571655273438,71.92578125,-44.92095184326172
11633,-0.1388636976480484,10.90558910369873,0.33039984107017517,-0.27752068638801575,-0.2274257391691208,0.30536600947380066,42.788822174072266,25.239999771118164,1018.6613159179688,71.9375,-44.955997467041016
11742,1.2114660739898682,8.547300338745117,0.49799394607543945,-0.503347635269165,-0.3178897500038147,0.09859111160039902,42.741764068603516,25.239999771118164,1018.6646728515625,71.9375,-44.98403549194336
11850,0.3208230137825012,7.833827972412109,-0.07661445438861847,0.3182894289493561,0.0022649310994893312,-0.27951914072036743,42.647647857666016,25.239999771118164,1018.6646728515625,71.9482421875,-44.98403549194336
11958,0.7350199222564697,9.921571731567383,1.158793568611145,-0.19012096524238586,0.6431071758270264,-0.5285283327102661,42.97705841064453,25.239999771118164,1018.6629638671875,71.7578125,-44.98403549194336
12066,0.33279404044151306,11.453861236572266,0.9816226959228516,-1.235053539276123,0.671618640422821,-0.35972434282302856,42.93000030517578,25.239999771118164,1018.6646728515625,71.9375,-44.98403549194336
12174,1.50355863571167,10.92953109741211,3.7014358043670654,-0.8408223390579224,0.11404594779014587,0.49175652861595154,42.788822174072266,25.229999542236328,1018.6638793945312,71.9599609375,-44.97702407836914
12282,0.6153098344802856,9.734824180603027,3.8810009956359863,-0.1910535991191864,0.16760489344596863,0.10525267571210861,42.788822174072266,25.229999542236328,1018.6673583984375,72.5986328125,-45.00606155395508
12390,0.5219359993934631,7.931990146636963,3.550601005554199,-0.09526033699512482,0.08646707236766815,0.10498622059822083,42.93000030517578,25.229999542236328,1018.6707153320312,71.9482421875,-45.03409957885742
12498,0.9145850539207458,9.184157371520996,3.5051112174987793,-0.5896814465522766,0.04929555580019951,0.6597610712051392,42.97705841064453,25.229999542236328,1018.6707153320312,71.9375,-45.03409957885742
12606,2.3247697353363037,9.38048267364502,5.039794445037842,-3.2964072227478027,-0.2665956914424896,1.5646677017211914,42.647647857666016,25.239999771118164,1018.6749267578125,71.9375,-45.068145751953125
12724,3.9695863723754883,5.30076265335083,7.041347026824951,-1.547480821609497,-0.026113322004675865,1.1191424131393433,42.97705841064453,25.239999771118164,1018.6765747070312,71.9599609375,-45.0821647644043
12833,4.728548526763916,3.6535518169403076,8.683769226074219,-1.1507182121276855,2.5296616554260254,-1.4375649690628052,42.741764068603516,25.229999542236328,1018.6690673828125,71.9375,-45.02008056640625
12941,2.315192937850952,3.1435868740081787,10.970232009887695,-0.8870536088943481,0.5991408824920654,1.0691807270050049,42.83588409423828,25.229999542236328,1018.6673583984375,71.9375,-45.00606155395508
13049,0.8044517636299133,3.936067581176758,9.32302188873291,-0.6112648844718933,0.8608070015907288,0.051160797476768494,42.97705841064453,25.229999542236328,1018.6707153320312,71.9375,-45.03409957885742
13157,1.2737152576446533,3.380612850189209,9.691728591918945,0.49322205781936646,1.0622526407241821,0.0002664624771568924,42.647647857666016,25.229999542236328,1018.67578125,71.9482421875,-45.07615661621094
13265,0.5961562395095825,4.809951305389404,9.988609313964844,0.17866308987140656,0.08286983519792557,-0.15508116781711578,42.93000030517578,25.229999542236328,1018.677490234375,71.9375,-45.090171813964844
13373,-0.35434186458587646,3.7852327823638916,9.332598686218262,-0.006395099684596062,0.15268300473690033,0.9528698325157166,42.788822174072266,25.229999542236328,1018.677490234375,71.9482421875,-45.090171813964844
13481,0.2322375625371933,4.199429988861084,9.579200744628906,0.7474272847175598,0.05009494721889496,0.7831332087516785,42.788822174072266,25.229999542236328,1018.67919921875,71.9599609375,-45.104190826416016
13589,0.8643068075180054,4.809951305389404,9.0859956741333,0.8891852498054504,0.5815543532371521,0.23195558786392212,42.741764068603516,25.229999542236328,1018.680908203125,71.9482421875,-45.11820983886719
13697,0.9576807022094727,5.264849662780762,8.255207061767578,1.064784049987793,0.22023123502731323,-0.2620658576488495,42.600589752197266,25.229999542236328,1018.6826782226562,71.9375,-45.13322830200195
13815,0.3016694188117981,6.1267619132995605,7.63989782333374,0.8931822180747986,-1.0806386470794678,0.5259969234466553,42.788822174072266,25.229999542236328,1018.68603515625,71.892578125,-45.16026306152344
13924,0.6631938815116882,5.710171222686768,7.079654216766357,1.4663430452346802,-0.07927258312702179,0.09899081289768219,42.93000030517578,25.229999542236328,1018.6893920898438,70.9716796875,-45.18830108642578
14032,1.8579005002975464,10.72841739654541,4.54419469833374,1.1834930181503296,-0.16427411139011383,0.23102296888828278,42.93000030517578,25.229999542236328,1018.6893920898438,71.92578125,-45.18830108642578
14140,1.2090718746185303,8.437167167663574,4.63517427444458,-0.03344104066491127,-0.05982082709670067,0.015454824082553387,42.83588409423828,25.229999542236328,1018.6928100585938,71.92578125,-45.21733856201172
14248,1.482010841369629,8.992621421813965,5.398924827575684,-0.7786033749580383,0.2619326114654541,0.20317763090133667,42.788822174072266,25.229999542236328,1018.6961669921875,71.9375,-45.2443733215332
14356,1.1324573755264282,7.948749542236328,6.440402507781982,-1.0603874921798706,0.2188989222049713,0.006928024813532829,42.788822174072266,25.229999542236328,1018.6995239257812,71.9375,-45.27241134643555
14464,1.1994950771331787,7.129932880401611,7.536946773529053,-0.4861607849597931,0.32668301463127136,0.008793261833488941,43.02411651611328,25.239999771118164,1018.7037353515625,71.9482421875,-45.307456970214844
14594,1.558625340461731,7.398083209991455,7.352593421936035,-0.13642878830432892,0.30083614587783813,-0.0053292494267225266,42.83588409423828,25.239999771118164,1018.7037353515625,71.92578125,-45.307456970214844
14703,0.8547300100326538,6.926425457000732,7.141903877258301,-0.315891295671463,-0.5201347470283508,0.07154517620801926,42.788822174072266,25.239999771118164,1018.7037353515625,71.92578125,-45.307456970214844
14811,0.8212111592292786,6.876147270202637,7.273584842681885,0.349465548992157,0.16267535090446472,0.05129402503371239,42.83588409423828,25.239999771118164,1018.7053833007812,71.9482421875,-45.32147216796875
14930,0.4596867263317108,7.12035608291626,7.884106159210205,-0.18545790016651154,-0.02224961668252945,-0.48509496450424194,42.788822174072266,25.239999771118164,1018.70703125,71.9375,-45.33449172973633
15038,-0.2059013396501541,6.801927089691162,7.55131196975708,0.29737213253974915,0.312560498714447,-0.4199448823928833,42.93000030517578,25.239999771118164,1018.7112426757812,71.9375,-45.36953353881836
15146,-0.3447650372982025,6.94079065322876,7.046135425567627,0.07114548236131668,0.09192955493927002,-0.22342880070209503,42.93000030517578,25.239999771118164,1018.7112426757812,71.9375,-45.36953353881836
15254,-0.4141969084739685,7.094019412994385,6.981492042541504,-0.11777641624212265,0.09645941853523254,0.01958499290049076,42.788822174072266,25.239999771118164,1018.7095336914062,71.92578125,-45.35551834106445
15362,-0.2753331959247589,6.950367450714111,7.6566572189331055,-0.04716385900974274,-0.026779478415846825,-0.18972128629684448,42.93000030517578,25.239999771118164,1018.7053833007812,71.92578125,-45.32147216796875
15470,-0.7829039692878723,6.825869083404541,7.582436561584473,-0.0030643183272331953,-0.13043338060379028,0.006794793531298637,42.788822174072266,25.239999771118164,1018.7112426757812,71.9482421875,-45.36953353881836
15578,-0.2849099934101105,7.117961883544922,6.964732646942139,-0.0022649310994893312,0.1745329201221466,-0.4381975531578064,42.93000030517578,25.239999771118164,1018.7129516601562,71.92578125,-45.38355255126953
15686,-1.1348515748977661,6.8593878746032715,7.295132637023926,-0.03144257143139839,-0.05862174555659294,-0.30709800124168396,43.02411651611328,25.239999771118164,1018.7112426757812,72.015625,-45.36953353881836
15794,-1.0773907899856567,7.0557122230529785,7.2137298583984375,0.0839356780052185,-0.05382541939616203,-0.12243951112031937,42.93000030517578,25.239999771118164,1018.7112426757812,71.9150390625,-45.36953353881836
15902,-1.1516109704971313,6.751648902893066,7.283161640167236,-0.1500183790922165,-0.17932924628257751,-0.1732006072998047,42.788822174072266,25.239999771118164,1018.7078857421875,71.9599609375,-45.34149932861328
16020,-0.9552865028381348,6.936002254486084,7.347805023193359,0.01811944879591465,0.025580398738384247,-0.09645941853523254,42.93000030517578,25.239999771118164,1018.7103271484375,71.9384765625,-45.362525939941406
16129,-1.1228805780410767,6.619967937469482,7.2137298583984375,-0.17906278371810913,0.26632922887802124,-0.062218986451625824,42.83588409423828,25.239999771118164,1018.705322265625,71.837890625,-45.320472717285156
16237,-1.3431471586227417,6.835445880889893,7.4770917892456055,-0.020517610013484955,0.15081775188446045,-0.21117150783538818,42.788822174072266,25.239999771118164,1018.70361328125,71.9384765625,-45.306453704833984
16345,-1.0821791887283325,6.835445880889893,7.546523571014404,-0.05422511324286461,0.022516079246997833,-0.04223430156707764,42.93000030517578,25.239999771118164,1018.701904296875,71.927734375,-45.29243469238281
16453,-1.434126853942871,6.677428722381592,7.850587368011475,-0.13776110112667084,-0.12643644213676453,-0.16667228937149048,42.93000030517578,25.239999771118164,1018.7069702148438,71.916015625,-45.33449172973633
16561,-1.4197616577148438,6.574477672576904,7.55131196975708,0.004796324297785759,-0.017719754949212074,-0.028245022520422935,42.83588409423828,25.239999771118164,1018.705322265625,71.9384765625,-45.320472717285156
16669,-1.4652514457702637,6.72531270980835,7.6782050132751465,0.004663093481212854,-0.07660795748233795,0.023848390206694603,42.93000030517578,25.239999771118164,1018.7069702148438,71.927734375,-45.33449172973633
16777,-1.0821791887283325,6.722918510437012,7.7213006019592285,0.10165543854236603,-0.027578866109251976,-0.0011990810744464397,42.93000030517578,25.239999771118164,1018.7128295898438,71.927734375,-45.38255310058594
16885,-1.1037269830703735,7.029376029968262,7.266402244567871,0.06115313991904259,-0.8326952457427979,-0.1929188370704651,42.93000030517578,25.239999771118164,1018.7086791992188,71.94921875,-45.368534088134766
16993,0.24181437492370605,6.5481414794921875,7.922413349151611,0.6103323101997375,-0.8763951063156128,-0.40422356128692627,42.93000030517578,25.239999771118164,1018.7111206054688,71.9384765625,-45.368534088134766
17111,0.304063618183136,7.47230339050293,6.952761650085449,0.6928024291992188,0.15081775188446045,-0.7158514261245728,42.788822174072266,25.239999771118164,1018.7111206054688,71.9384765625,-45.368534088134766
17220,-0.5961562395095825,7.261613845825195,6.600813865661621,0.4034242033958435,1.4135833978652954,0.21943186223506927,42.93000030517578,25.239999771118164,1018.7111206054688,71.927734375,-45.368534088134766
17328,-1.45806884765625,8.571242332458496,6.088454723358154,0.36345481872558594,0.7728744149208069,-0.6902710199356079,42.93000030517578,25.239999771118164,1018.7093505859375,72.455078125,-45.353515625
17436,-4.422090530395508,8.89445972442627,7.433996200561523,1.5991746187210083,-0.07780704647302628,2.4058897495269775,42.93000030517578,25.239999771118164,1018.707763671875,71.916015625,-45.34049606323242
17544,2.343923568725586,8.317456245422363,2.185906171798706,2.832629442214966,-2.724179267883301,2.9993019104003906,42.93000030517578,25.239999771118164,1018.7111206054688,71.9384765625,-45.368534088134766
17652,3.3207578659057617,7.333439826965332,-0.4189853072166443,2.746695041656494,-2.7465620040893555,0.5533093214035034,42.93000030517578,25.25,1018.717041015625,71.9384765625,-45.41759490966797
17760,3.2082302570343018,8.200140953063965,-3.8594532012939453,0.777004599571228,1.2521071434020996,-0.01612097956240177,42.647647857666016,25.25,1018.71875,71.916015625,-45.43161392211914
17868,4.1395745277404785,8.542511940002441,-2.185906171798706,0.7638146877288818,0.5834196209907532,-0.21969832479953766,42.788822174072266,25.25,1018.7203979492188,71.9384765625,-45.44563293457031
17976,4.474762916564941,8.125920295715332,-3.4572272300720215,1.1539157629013062,0.9605972170829773,-0.17226798832416534,42.97705841064453,25.25,1018.717041015625,71.9052734375,-45.41759490966797
18084,5.142745018005371,6.955155849456787,-3.179499864578247,0.8429540395736694,1.5117748975753784,-1.1491193771362305,42.788822174072266,25.25,1018.713623046875,71.927734375,-45.38956069946289
18203,4.230554580688477,8.688557624816895,-3.1890766620635986,0.5200015306472778,1.443427324295044,-1.334044337272644,42.93000030517578,25.25,1018.70849609375,71.9052734375,-45.34650421142578
18311,3.778050184249878,7.829039573669434,-3.6367924213409424,0.5510444045066833,0.6584287285804749,-0.5626355409622192,42.93000030517578,25.25,1018.708984375,71.9169921875,-45.35050964355469
18419,4.273650169372559,8.20492935180664,-3.7277719974517822,0.47856661677360535,0.3670520782470703,-0.39276570081710815,42.83588409423828,25.25,1018.708984375,71.9169921875,-45.35050964355469
18527,3.3016040325164795,7.575253963470459,-4.086902141571045,0.1336309313774109,0.15361562371253967,-0.1680046021938324,42.93000030517578,25.25,1018.7056274414062,71.939453125,-45.3234748840332
18635,4.005499362945557,7.778761386871338,-4.05817174911499,0.18652373552322388,0.1911868304014206,-0.24754364788532257,42.788822174072266,25.25,1018.7022094726562,71.90625,-45.294437408447266
18743,3.8331170082092285,8.760383605957031,-3.8810009956359863,0.15241654217243195,0.3306799530982971,-0.5988743901252747,42.600589752197266,25.25,1018.700439453125,71.9287109375,-45.28042221069336
18851,3.095702886581421,7.467514991760254,-4.570530891418457,0.12776875495910645,0.4428606629371643,-0.35532769560813904,42.83588409423828,25.25,1018.7064208984375,72.580078125,-45.32948303222656
18959,2.9328970909118652,7.745242595672607,-4.728548526763916,0.07940581440925598,0.21530167758464813,-0.197715163230896,42.97705841064453,25.25,1018.7064208984375,71.939453125,-45.32948303222656
19067,3.2561142444610596,8.185775756835938,-4.2951979637146,-0.2419479340314865,0.04223430156707764,-0.3639877438545227,42.788822174072266,25.25,1018.7064208984375,71.939453125,-45.32948303222656
19175,2.676717519760132,8.209717750549316,-4.1156325340271,-0.2917764186859131,0.03543950989842415,-0.36625269055366516,42.93000030517578,25.25,1018.7047119140625,71.939453125,-45.31546401977539
19294,2.032677173614502,8.216899871826172,-3.8331170082092285,-0.39103370904922485,0.013189893215894699,-0.8268330693244934,42.788822174072266,25.25,1018.7029418945312,71.939453125,-45.300445556640625
19402,1.867477297782898,8.142680168151855,-3.7421371936798096,-0.11471210420131683,0.014255743473768234,-0.20864012837409973,42.93000030517578,25.25,1018.6988525390625,71.9287109375,-45.26740264892578
19510,1.7621324062347412,8.640673637390137,-3.950432777404785,-0.11924196034669876,0.054758042097091675,-0.04929555580019951,42.93000030517578,25.25,1018.7029418945312,71.9169921875,-45.300445556640625
19618,1.7405846118927002,8.616731643676758,-3.598485231399536,-0.043566614389419556,0.00039969373028725386,-0.040102604776620865,42.97705841064453,25.25,1018.7029418945312,71.9169921875,-45.300445556640625
19726,1.501164436340332,8.513781547546387,-3.60566782951355,-0.05902143567800522,0.0659494623541832,-0.028378253802657127,42.788822174072266,25.25,1018.7012329101562,71.939453125,-45.28642654418945
19834,2.0231003761291504,8.767566680908203,-3.713406801223755,-0.07953905314207077,0.049695249646902084,0.009992342442274094,42.788822174072266,25.25,1018.7089233398438,71.9169921875,-45.35050964355469
19942,1.8531121015548706,8.702922821044922,-3.3638534545898438,-0.04036906361579895,-0.00626186840236187,0.2532725930213928,42.83588409423828,25.25,1018.712158203125,71.9169921875,-45.37754440307617
20050,2.4899697303771973,8.616731643676758,-3.4763808250427246,0.12097396701574326,-0.1332312375307083,0.47710108757019043,42.788822174072266,25.25,1018.7139282226562,72.041015625,-45.40658187866211
20158,2.4851813316345215,8.619126319885254,-3.689464807510376,0.07727411389350891,-0.09126339852809906,0.4549846947193146,42.97705841064453,25.25,1018.7190551757812,71.939453125,-45.43461608886719
20266,2.913743495941162,8.683769226074219,-3.4332852363586426,-0.017186829820275307,-0.05129402503371239,0.09499387443065643,42.93000030517578,25.25,1018.7223510742188,71.9287109375,-45.46165084838867
20385,2.9065608978271484,8.56645393371582,-3.756502389907837,-0.006661561783403158,0.04170137643814087,-0.027045942842960358,42.93000030517578,25.25,1018.7257690429688,72.310546875,-45.489688873291016
20493,2.96162748336792,8.616731643676758,-3.8115692138671875,0.015721285715699196,0.09792496263980865,0.030909648165106773,42.93000030517578,25.25,1018.720703125,71.8837890625,-45.447635650634766
20601,2.8658595085144043,8.705317497253418,-3.7421371936798096,0.015055130235850811,0.14042572677135468,0.030509954318404198,43.02411651611328,25.260000228881836,1018.7265625,71.9287109375,-45.49669647216797
20709,2.650381326675415,8.118738174438477,-3.620033025741577,-0.07367687672376633,0.15441501140594482,0.019718224182724953,42.741764068603516,25.260000228881836,1018.7265625,71.939453125,-45.49669647216797
20817,2.8826189041137695,8.334216117858887,-3.404554843902588,-0.2590015232563019,0.1417580395936966,-0.0018652373692020774,42.93000030517578,25.260000228881836,1018.72314453125,71.9169921875,-45.46866226196289
20925,2.937685489654541,8.78193187713623,-3.5170822143554688,-0.7420980334281921,0.13802756369113922,-0.11884226649999619,42.83588409423828,25.260000228881836,1018.72314453125,71.9169921875,-45.46866226196289
21033,2.63362193107605,8.954314231872559,-2.609679937362671,-1.7202818393707275,-0.2078407257795334,-0.2388836145401001,42.93000030517578,25.260000228881836,1018.7214965820312,71.9169921875,-45.45464324951172
21141,2.070984363555908,9.306262016296387,0.31124621629714966,-2.737635612487793,-0.43433383107185364,-0.3671852946281433,42.741764068603516,25.260000228881836,1018.7197875976562,71.939453125,-45.44062423706055
21249,2.674323320388794,9.165003776550293,3.5865142345428467,-3.6202924251556396,-0.7229126691818237,-0.23581929504871368,42.97705841064453,25.260000228881836,1018.723876953125,71.8955078125,-45.47467041015625
21357,3.294421434402466,7.046135425567627,7.357381820678711,-3.230191469192505,0.35825881361961365,-0.4896247982978821,42.83588409423828,25.260000228881836,1018.7273559570312,71.90625,-45.50370407104492
21475,1.9584569931030273,4.355052947998047,8.401253700256348,-2.9436111450195312,1.286880612373352,0.3479999899864197,42.600589752197266,25.260000228881836,1018.7298583984375,71.9306640625,-45.52373123168945
21607,0.0694318488240242,1.6136919260025024,9.801861763000488,-0.5639678239822388,2.388702869415283,0.07794027030467987,43.02411651611328,25.260000228881836,1018.7230224609375,71.9189453125,-45.46765899658203
21717,-0.10534487664699554,1.2665326595306396,10.47702693939209,-0.7305068969726562,-0.5906140804290771,0.418479323387146,42.93000030517578,25.260000228881836,1018.7230224609375,71.908203125,-45.46765899658203
21825,1.1635819673538208,3.49314022064209,9.346963882446289,0.06075344607234001,-0.6197917461395264,0.7818008661270142,42.93000030517578,25.260000228881836,1018.7306518554688,71.953125,-45.530738830566406
21933,1.0319008827209473,0.9576807022094727,11.209651947021484,0.14415618777275085,0.08446860313415527,0.7480933666229248,42.788822174072266,25.260000228881836,1018.7322387695312,71.716796875,-45.54375457763672
22041,2.2912509441375732,5.504269599914551,8.585607528686523,2.0279126167297363,-1.6407427787780762,-0.21210414171218872,42.788822174072266,25.260000228881836,1018.7306518554688,71.9306640625,-45.530738830566406
22149,1.98958158493042,3.268085241317749,9.710882186889648,-0.21769985556602478,-0.11404594779014587,-0.1582787185907364,42.93000030517578,25.260000228881836,1018.7288818359375,71.9189453125,-45.51572036743164
22257,0.6153098344802856,3.026270866394043,9.660603523254395,0.03757121041417122,0.25287288427352905,-0.4743032157421112,42.93000030517578,25.260000228881836,1018.7271728515625,71.986328125,-45.50170135498047
22365,-0.2753331959247589,4.438849925994873,9.004592895507812,0.15561409294605255,-1.2626324892044067,-1.296339988708496,42.93000030517578,25.270000457763672,1018.7313842773438,71.9189453125,-45.536746978759766
22473,1.6184803247451782,3.0406360626220703,9.691728591918945,-0.2141026109457016,0.639643132686615,0.10192189365625381,42.83588409423828,25.270000457763672,1018.7313842773438,71.9189453125,-45.536746978759766
22614,1.5921441316604614,2.078166961669922,8.916007041931152,-0.6132634282112122,-0.2523399591445923,-0.2558039724826813,42.93000030517578,25.270000457763672,1018.7313842773438,71.9306640625,-45.536746978759766
22723,5.097255229949951,1.3072341680526733,9.959878921508789,-1.0726447105407715,-2.2262940406799316,2.2077748775482178,42.741764068603516,25.270000457763672,1018.7279663085938,71.94140625,-45.50871276855469
22831,3.555389642715454,0.3064578175544739,9.940725326538086,-0.7331715226173401,1.3064656257629395,-0.06848085671663284,42.93000030517578,25.270000457763672,1018.7296752929688,71.9306640625,-45.522727966308594
22939,1.656787633895874,-0.15322890877723694,9.734824180603027,-1.725211262702942,1.2775542736053467,-0.1994471549987793,42.93000030517578,25.270000457763672,1018.7355346679688,72.189453125,-45.5707893371582
23047,1.2617442607879639,-2.31758713722229,10.958261489868164,0.14628790318965912,-0.14468912780284882,-0.040102604776620865,42.788822174072266,25.270000457763672,1018.732177734375,71.931640625,-45.542755126953125
23155,1.4413094520568848,-1.113303780555725,9.897629737854004,0.43579939007759094,-0.8380244970321655,0.36625269055366516,42.97705841064453,25.270000457763672,1018.732177734375,71.943359375,-45.542755126953125
23263,7.113173484802246,2.5306711196899414,7.2783732414245605,0.8125773072242737,1.5000505447387695,-0.8008530139923096,42.93000030517578,25.270000457763672,1018.7254028320312,71.931640625,-45.4866828918457
23371,-11.420342445373535,7.970297336578369,19.612701416015625,1.7296079397201538,1.6904380321502686,1.103287935256958,42.97705841064453,25.270000457763672,1018.7254028320312,71.9208984375,-45.4866828918457
23479,0.35673606395721436,-0.37828385829925537,10.378864288330078,-0.00866003055125475,0.053958650678396225,-0.12403828650712967,42.741764068603516,25.270000457763672,1018.7254028320312,71.931640625,-45.4866828918457
23587,0.3471592366695404,-0.3232172429561615,10.472238540649414,-0.003330780891701579,0.05142726004123688,-0.011990811675786972,42.741764068603516,25.270000457763672,1018.7236938476562,71.931640625,-45.4726676940918
23705,0.33279404044151306,-0.3519476354122162,10.371682167053223,-0.005196018144488335,0.04463246464729309,-0.014655436389148235,43.02411651611328,25.270000457763672,1018.7220458984375,71.931640625,-45.49269104003906
23814,0.35434186458587646,-0.3256114423274994,10.381258964538574,-0.007061255630105734,0.050494641065597534,-0.021316997706890106,42.97705841064453,25.270000457763672,1018.727783203125,71.943359375,-45.506710052490234
23922,0.33758243918418884,-0.5770025849342346,11.05402946472168,-0.012257273308932781,0.04796324670314789,-0.02091730572283268,42.97705841064453,25.270000457763672,1018.7295532226562,71.943359375,-45.521728515625
24030,0.2801215946674347,-0.5650315880775452,10.45547866821289,-0.002931087277829647,0.06967993825674057,-0.017719754949212074,42.97705841064453,25.270000457763672,1018.7295532226562,71.9208984375,-45.521728515625
24138,0.3423708379268646,-0.23942017555236816,10.366893768310547,-0.0094594182446599,0.05249311029911041,-0.015055130235850811,42.788822174072266,25.270000457763672,1018.7320556640625,71.607421875,-45.54175567626953
24246,0.2849099934101105,-0.3471592366695404,10.357316970825195,-0.007327718194574118,0.047830015420913696,-0.013589587062597275,42.83588409423828,25.270000457763672,1018.7302856445312,71.9443359375,-45.52773666381836
24354,0.31603461503982544,-0.33997663855552673,10.460267066955566,-0.011724349111318588,0.05076110363006592,-0.019718224182724953,42.788822174072266,25.270000457763672,1018.7285766601562,71.93359375,-45.51371765136719
24462,0.35913026332855225,-0.35913026332855225,10.374075889587402,-0.003330780891701579,0.05289280042052269,-0.01292342972010374,42.741764068603516,25.270000457763672,1018.7285766601562,71.798828125,-45.51371765136719
24570,0.3256114423274994,-0.29209262132644653,10.350133895874023,-0.00866003055125475,0.04889586567878723,-0.018652373924851418,42.97705841064453,25.270000457763672,1018.7268676757812,71.9560546875,-45.49970245361328
24678,0.44771572947502136,-0.31124621629714966,10.426748275756836,-0.004396630916744471,0.048362936824560165,-0.017186829820275307,43.11823654174805,25.270000457763672,1018.7218627929688,71.9560546875,-45.457645416259766
24796,0.33279404044151306,-0.363918662071228,10.393229484558105,-0.002931087277829647,0.05302603542804718,-0.014788667671382427,42.788822174072266,25.270000457763672,1018.7201538085938,71.966796875,-45.44363021850586
24905,0.26575639843940735,-0.363918662071228,10.436325073242188,-0.008926493115723133,0.054758042097091675,-0.017719754949212074,42.93000030517578,25.280000686645508,1018.720947265625,71.9443359375,-45.44963836669922
25013,0.363918662071228,-0.33997663855552673,10.366893768310547,-0.0053292494267225266,0.04956202208995819,-0.01745329238474369,42.741764068603516,25.280000686645508,1018.717529296875,71.9443359375,-45.421600341796875
25121,0.3447650372982025,-0.3902548849582672,10.436325073242188,-0.007194486912339926,0.04996171221137047,-0.02011791802942753,42.93000030517578,25.280000686645508,1018.7157592773438,71.9560546875,-45.40758514404297
25229,0.3447650372982025,-0.3758896589279175,10.342951774597168,-0.0021316998172551394,0.05129402503371239,-0.0189188364893198,42.83588409423828,25.280000686645508,1018.7157592773438,71.9443359375,-45.40758514404297
25337,0.33997663855552673,-0.42377370595932007,10.390835762023926,-0.007327718194574118,0.05315926671028137,-0.015588055364787579,42.83588409423828,25.280000686645508,1018.7157592773438,71.9560546875,-45.40758514404297
25445,0.31842881441116333,-0.42377370595932007,10.374075889587402,-0.0038637060206383467,0.05222664400935173,-0.02091730572283268,42.93000030517578,25.280000686645508,1018.7125244140625,71.9560546875,-45.380550384521484
25553,0.304063618183136,-0.38307225704193115,10.44350814819336,-0.008926493115723133,0.054624807089567184,-0.019185297191143036,43.02411651611328,25.280000686645508,1018.7125244140625,71.9560546875,-45.380550384521484
25661,0.37828385829925537,-0.37828385829925537,10.374075889587402,-0.00506278732791543,0.050494641065597534,-0.012790199369192123,42.647647857666016,25.280000686645508,1018.7125244140625,71.876953125,-45.380550384521484
25769,0.31603461503982544,-0.3471592366695404,10.36449909210205,-0.006661561783403158,0.049029093235731125,-0.013856049627065659,42.93000030517578,25.280000686645508,1018.71826171875,71.9443359375,-45.427608489990234
25887,0.3902548849582672,-0.38067805767059326,10.398017883300781,-0.007327718194574118,0.05289280042052269,-0.01811944879591465,42.93000030517578,25.280000686645508,1018.71826171875,71.9560546875,-45.427608489990234
25996,0.35913026332855225,-0.3495534360408783,10.383652687072754,-0.00799387414008379,0.04649770259857178,-0.016920367255806923,42.83588409423828,25.280000686645508,1018.7190551757812,71.966796875,-45.43461608886719
26104,0.363918662071228,-0.35913026332855225,10.400412559509277,-0.0023981621488928795,0.05235987901687622,-0.013722817413508892,42.788822174072266,25.280000686645508,1018.7174072265625,71.697265625,-45.42060089111328
26212,0.31364041566848755,-0.42856210470199585,10.390835762023926,-0.003597243456169963,0.05022817850112915,-0.013456354849040508,42.93000030517578,25.280000686645508,1018.7156982421875,71.9775390625,-45.40658187866211
26320,0.35913026332855225,-0.38546648621559143,10.407594680786133,-0.002931087277829647,0.05302603542804718,-0.01532159186899662,42.97705841064453,25.280000686645508,1018.7140502929688,71.966796875,-45.39256286621094
26428,0.3280056416988373,-0.3208230137825012,10.383652687072754,-0.004663093481212854,0.05076110363006592,-0.017586523666977882,42.93000030517578,25.280000686645508,1018.7140502929688,71.966796875,-45.39256286621094
26536,0.3519476354122162,-0.3447650372982025,10.42195987701416,-0.006395099684596062,0.05089433491230011,-0.014788667671382427,43.02411651611328,25.280000686645508,1018.7164916992188,71.9443359375,-45.41358947753906
26644,0.35434186458587646,-0.40701428055763245,10.41956615447998,-0.006661561783403158,0.05009494721889496,-0.014122511260211468,42.83588409423828,25.280000686645508,1018.71142578125,71.9775390625,-45.37153625488281
26752,0.3663128614425659,-0.3471592366695404,10.383652687072754,-0.0054624807089567184,0.04583154618740082,-0.019052067771553993,42.83588409423828,25.280000686645508,1018.7079467773438,71.966796875,-45.342498779296875
26860,-0.05506663769483566,0.20111294090747833,10.977415084838867,0.01612097956240177,0.05982082709670067,-0.016387442126870155,42.93000030517578,25.280000686645508,1018.7079467773438,71.9560546875,-45.342498779296875
26978,0.2777273952960968,-0.42616790533065796,10.45547866821289,-0.006395099684596062,0.049428790807724,-0.013456354849040508,43.02411651611328,25.290000915527344,1018.712158203125,71.9775390625,-45.37754440307617
27087,0.26575639843940735,-0.38307225704193115,10.45547866821289,-0.0022649310994893312,0.049162328243255615,-0.014122511260211468,42.97705841064453,25.290000915527344,1018.708740234375,71.966796875,-45.348506927490234
27195,0.2968810200691223,-0.37828385829925537,10.412383079528809,-0.0037304747384041548,0.04996171221137047,-0.016520673409104347,42.97705841064453,25.290000915527344,1018.7037353515625,71.966796875,-45.307456970214844
27303,0.363918662071228,-0.3423708379268646,10.417171478271484,-0.006395099684596062,0.05009494721889496,-0.017586523666977882,43.02411651611328,25.290000915527344,1018.7053833007812,71.93359375,-45.32147216796875
27411,0.38067805767059326,-0.3256114423274994,10.359710693359375,-0.0021316998172551394,0.05062786862254143,-0.018252680078148842,42.788822174072266,25.290000915527344,1018.7053833007812,71.966796875,-45.32147216796875
27519,0.35673606395721436,-0.3878606855869293,10.402806282043457,-0.006528330501168966,0.047696780413389206,-0.015188361518085003,42.97705841064453,25.290000915527344,1018.7095336914062,71.96875,-45.35551834106445
27627,0.3447650372982025,-0.395043283700943,10.319009780883789,-0.007860642857849598,0.050361406058073044,-0.01678713597357273,42.93000030517578,25.290000915527344,1018.7112426757812,71.822265625,-45.36953353881836
27735,0.363918662071228,-0.36152446269989014,10.362105369567871,-0.0038637060206383467,0.051160797476768494,-0.016520673409104347,42.93000030517578,25.290000915527344,1018.7129516601562,71.9462890625,-45.38355255126953
27843,0.3519476354122162,-0.3208230137825012,10.304644584655762,-0.009592648595571518,0.046231240034103394,-0.019052067771553993,42.788822174072266,25.290000915527344,1018.7129516601562,71.95703125,-45.38355255126953
27951,0.33997663855552673,-0.3208230137825012,10.32858657836914,-0.0009326186846010387,0.04996171221137047,-0.014655436389148235,42.647647857666016,25.290000915527344,1018.7137451171875,71.96875,-45.390560150146484
28069,0.3447650372982025,-0.3974374830722809,10.333374977111816,-0.005995405837893486,0.05422511324286461,-0.01945176161825657,42.788822174072266,25.290000915527344,1018.7154541015625,71.96875,-45.404579162597656
28178,0.35434186458587646,-0.4189853072166443,10.36449909210205,-0.006794793531298637,0.05129402503371239,-0.016920367255806923,42.83588409423828,25.290000915527344,1018.7137451171875,71.95703125,-45.390560150146484
28286,0.33039984107017517,-0.40940847992897034,10.362105369567871,-0.003597243456169963,0.05222664400935173,-0.018385911360383034,43.2594108581543,25.290000915527344,1018.7137451171875,71.9462890625,-45.390560150146484
28394,0.3208230137825012,-0.36152446269989014,10.433931350708008,-0.003197549842298031,0.05089433491230011,-0.018652373924851418,42.788822174072266,25.290000915527344,1018.7162475585938,71.958984375,-45.41158676147461
28502,0.3734954595565796,-0.3232172429561615,10.345345497131348,-0.00559571199119091,0.05209341645240784,-0.014122511260211468,42.93000030517578,25.290000915527344,1018.7162475585938,71.947265625,-45.41158676147461
28667,0.3447650372982025,-0.36152446269989014,10.42195987701416,-0.0038637060206383467,0.04756355285644531,-0.01252373680472374,42.83588409423828,25.290000915527344,1018.7178955078125,71.958984375,-45.42460632324219
28777,0.35673606395721436,-0.3495534360408783,10.405200958251953,-0.006395099684596062,0.05156048759818077,-0.017719754949212074,42.788822174072266,25.290000915527344,1018.7145385742188,71.9814453125,-45.396568298339844
28885,0.33997663855552673,-0.3687070608139038,10.405200958251953,-0.006928024813532829,0.05156048759818077,-0.014921898953616619,42.97705841064453,25.290000915527344,1018.7145385742188,71.9697265625,-45.396568298339844
28993,0.35673606395721436,-0.35913026332855225,10.429142951965332,-0.006928024813532829,0.052626337856054306,-0.015588055364787579,42.97705841064453,25.290000915527344,1018.7111206054688,71.947265625,-45.368534088134766
29101,0.3447650372982025,-0.3519476354122162,10.371682167053223,-0.0009326186846010387,0.05156048759818077,-0.015055130235850811,42.93000030517578,25.290000915527344,1018.7093505859375,71.958984375,-45.353515625
29220,0.3663128614425659,-0.38307225704193115,10.393229484558105,-0.0074609494768083096,0.049428790807724,-0.018652373924851418,43.02411651611328,25.299999237060547,1018.7118530273438,71.9814453125,-45.374542236328125
29328,0.3232172429561615,-0.395043283700943,10.460267066955566,-0.003330780891701579,0.051027562469244,-0.016387442126870155,42.93000030517578,25.299999237060547,1018.7101440429688,71.958984375,-45.36052322387695
29436,0.31603461503982544,-0.3734954595565796,10.3549222946167,-0.007727412041276693,0.045698318630456924,-0.01945176161825657,42.93000030517578,25.299999237060547,1018.706787109375,71.947265625,-45.332489013671875
29544,0.3280056416988373,-0.3687070608139038,10.371682167053223,-0.0009326186846010387,0.049828484654426575,-0.01612097956240177,43.02411651611328,25.299999237060547,1018.706787109375,71.947265625,-45.332489013671875
29652,0.33279404044151306,-0.3256114423274994,10.402806282043457,-0.007327718194574118,0.04876263439655304,-0.013856049627065659,42.647647857666016,25.299999237060547,1018.7051391601562,71.958984375,-45.3194694519043
29760,0.35673606395721436,-0.3495534360408783,10.371682167053223,-0.0074609494768083096,0.052759572863578796,-0.019185297191143036,42.788822174072266,25.299999237060547,1018.7051391601562,71.947265625,-45.3194694519043
29868,0.3758896589279175,-0.3926490843296051,10.38844108581543,-0.006128636654466391,0.049828484654426575,-0.013589587062597275,42.93000030517578,25.299999237060547,1018.7051391601562,72.294921875,-45.3194694519043
29976,0.3711012601852417,-0.40462008118629456,10.371682167053223,-0.00039969373028725386,0.05369219183921814,-0.019851453602313995,42.93000030517578,25.299999237060547,1018.7051391601562,71.947265625,-45.3194694519043
30084,0.33279404044151306,-0.395043283700943,10.412383079528809,-0.009326186962425709,0.05169371888041496,-0.01958499290049076,42.97705841064453,25.299999237060547,1018.7034301757812,71.947265625,-45.30445098876953
30192,0.35434186458587646,-0.33279404044151306,10.445901870727539,-0.0001332312385784462,0.04716385900974274,-0.015454824082553387,42.93000030517578,25.299999237060547,1018.7000122070312,71.958984375,-45.27641677856445
30310,0.3064578175544739,-0.31603461503982544,10.398017883300781,0.0,0.04929555580019951,-0.015854516997933388,42.83588409423828,25.299999237060547,1018.6983032226562,71.958984375,-45.26239776611328
30419,0.33518823981285095,-0.363918662071228,10.402806282043457,-0.00626186840236187,0.05076110363006592,-0.017852986231446266,43.02411651611328,25.299999237060547,1018.7025146484375,71.947265625,-45.29744338989258
30527,0.35434186458587646,-0.3902548849582672,10.345345497131348,-0.004396630916744471,0.054624807089567184,-0.015854516997933388,42.647647857666016,25.299999237060547,1018.7025146484375,71.947265625,-45.29744338989258
30635,0.3447650372982025,-0.4357447028160095,10.390835762023926,-0.0054624807089567184,0.05182695388793945,-0.019318528473377228,42.97705841064453,25.299999237060547,1018.7042236328125,71.958984375,-45.311458587646484
